id,category,title,text
1,Company Info,CoreTech Innovations Overview,"CoreTech Innovations is an enterprise software company based in Nawabshah and Hyderabad, Pakistan. They design, build, and operate scalable software products for ambitious enterprises worldwide. The company combines product strategy, disciplined engineering, cloud reliability, and data intelligence to help clients move faster without losing control."
2,Company Info,CoreTech Mission Statement,"CoreTech Innovations helps organizations design, build, modernize, and operate business-critical software. From dedicated delivery pods to full platform ownership, they bring the structure, communication, and technical maturity expected by enterprise teams globally."
3,Company Info,CoreTech Leadership Team,"CoreTech Innovations is led by Sufyan Arain (CEO and Founder), Shahzaib Shaikh (CEO and Co-Founder), and Jawwad Khamboh (CTO). The leadership team focuses on innovation, client satisfaction, technical vision, software architecture, and overall business growth."
4,Company Info,CoreTech Company Stats,"CoreTech Innovations has 180 plus delivery experts including engineers, strategists, and product specialists. They have delivered 320 plus enterprise and growth-stage technology projects. The company maintains a 94 percent client retention rate and covers 12 time zones for responsive global delivery."
5,Company Info,CoreTech Location and Contact,"CoreTech Innovations is headquartered in Nawabshah and Hyderabad, Pakistan. You can contact them by email at hr@coretechio.com, by phone or WhatsApp at plus 92 348 0394588, or by visiting their website at coretechio.com."
6,Company Info,CoreTech Why Choose Us,"CoreTech differentiates through senior attention on every project, transparent execution, and production-grade outcomes. Key values include discovery that respects business context, architecture before acceleration, security and quality embedded early, and long-term maintainability by design."
7,Company Info,CoreTech Client Testimonials,"CoreTech clients describe the company as a true engineering partner. Maya Thompson, COO, said CoreTech delivery teams are thoughtful, structured, and deeply accountable. Omar Siddiqui, VP Product, said they helped move from idea to production without sacrificing quality, security, or maintainability."
8,Services,Web Development Service,"CoreTech Innovations Web Development service builds secure, high-performance web applications that scale business impact. They handle full-stack development with a strong focus on security, code quality, and long-term maintainability for enterprise clients across industries."
9,Services,Mobile Apps Service,"CoreTech Innovations designs and develops native and cross-platform mobile applications focused on capturing user engagement. They build smooth, high-performance experiences on both iOS and Android platforms for enterprise and growth-stage businesses."
10,Services,ERP Systems Service,"CoreTech Innovations builds unified enterprise resource planning systems that organize and automate business operations. Their ERP solutions are designed for manufacturing, healthcare, finance, and other industries that need integrated management of resources, workflows, and reporting."
11,Services,UI/UX Design Service,"CoreTech Innovations provides UI/UX design services focused on creating intuitive, user-centered interfaces. Their design team builds experiences that improve engagement, usability, and conversion across web and mobile platforms for enterprise clients."
12,Services,Digital Marketing Service,"CoreTech Innovations offers digital marketing services as part of their Sales and Marketing team augmentation offerings. They help clients grow their digital presence, reach target audiences, and convert leads through strategic online marketing campaigns."
13,Services,Cybersecurity Service,"CoreTech Innovations offers enterprise-grade cybersecurity services with security embedded early in the development process. Their cybersecurity offering covers data protection, compliance, security architecture, and vulnerability management for enterprise clients in finance, healthcare, and manufacturing."
14,Services,Software Development Services Overview,"CoreTech Innovations Software Development Services cover the full product lifecycle from discovery and architecture through development, testing, and deployment. They build web applications, mobile apps, ERP systems, and custom enterprise platforms with production-grade engineering standards."
15,Services,Software Quality and Delivery Services,"CoreTech Innovations Software Quality and Delivery service ensures software is tested, validated, and shipped with production-grade standards. They embed quality assurance practices throughout the development lifecycle including automated testing, code reviews, and performance validation."
16,Services,Professional Services and IT Administration,"CoreTech Innovations Professional Services and IT Administration offering provides organizations with skilled IT professionals for administration, infrastructure management, and technical operations. This service supports enterprise teams that need reliable IT support and management."
17,Services,Client Care and Maintenance Support,"CoreTech Innovations Client Care and Maintenance Support Services ensure software remains stable, updated, and performant after launch. They provide ongoing technical support, bug fixes, performance monitoring, and feature updates under structured support agreements."
18,Services,Finance and Accounting Services,"CoreTech Innovations Finance and Accounting Services provide organizations with skilled financial professionals for bookkeeping, reporting, and financial operations. This service supports enterprise teams that need reliable finance and accounting support without full-time hires."
19,Services,General and Administrative Services,"CoreTech Innovations General and Administrative Services provide business process staff augmentation for organizations needing reliable administrative and operational support. This includes quality assurance, business process management, and general administrative functions."
20,Services,Sales and Marketing Team Augmentation,"CoreTech Innovations Sales and Marketing Team Augmentation service provides skilled sales and marketing professionals to enterprise clients. This service helps organizations scale their sales operations, run digital campaigns, and grow revenue without large in-house team investments."
21,Projects,ApexOps Cloud Modernization Project,"The ApexOps Cloud Modernization project was a phased modernization program delivered by CoreTech Innovations that moved legacy workloads into a secure cloud operating model. This project demonstrates CoreTech's capability in cloud transformation and enterprise platform modernization."
22,Projects,Meridian Health Analytics Platform,"The Meridian Health Analytics Platform is a governed analytics and reporting platform built by CoreTech Innovations for operational reporting and executive decision support in the healthcare sector. It demonstrates CoreTech's data and AI engineering capabilities."
23,Projects,How to Start a Project with CoreTech,"To start a project with CoreTech Innovations, visit coretechio.com/contact-us to schedule a consultation with a senior engineering team member. They will discuss your platform, product, cloud, or data priorities and propose a delivery approach tailored to your needs."
24,Internship,CoreTech Internship Programs Overview,"CoreTech Innovations runs structured internship programs that combine mentorship, real project exposure, and structured learning paths for software, cloud, and data careers. The programs are designed as a practical launchpad for emerging engineers entering the technology industry."
25,Internship,CoreTech Internship Tracks Available,"CoreTech Innovations offers internship tracks in Software Engineering, Cloud, Data, and AI Engineering. Each track provides hands-on project work, structured learning milestones, and mentorship from senior engineers and delivery leads."
26,Internship,How to Apply for CoreTech Internship,"To apply for a CoreTech Innovations internship, visit coretechio.com/apply-portal or coretechio.com/internship-programs. Applications for the Summer 2026 cohort are currently open. The intern portal is available at coretechio.com/intern-portal."
27,Internship,CoreTech Interns Showcase,"CoreTech Innovations publicly showcases intern projects at coretechio.com/interns-showcase. This gives interns visibility, builds their portfolios, and demonstrates CoreTech's commitment to developing the next generation of engineering talent in Pakistan."
28,FAQ,What industries does CoreTech serve?,"CoreTech Innovations serves a wide range of industries including healthcare, finance, manufacturing, retail, education, and enterprise technology. Their multi-industry experience allows them to apply domain-specific knowledge to software architecture and delivery decisions."
29,FAQ,Does CoreTech work with international clients?,"Yes. CoreTech Innovations works with global enterprise teams and covers 12 time zones to ensure responsive international delivery. Their distributed delivery model supports clients across North America, Europe, the Middle East, and South Asia."
30,FAQ,What makes CoreTech different from other software companies?,"CoreTech Innovations differentiates through senior attention on every engagement, transparent milestone-based delivery, architecture-first thinking, and a 94 percent client retention rate. They focus on long-term maintainability rather than fast delivery that creates technical debt."
31,FAQ,Does CoreTech offer cloud services?,"Yes. CoreTech Innovations offers cloud platform development and cloud modernization services. Their ApexOps project is an example of a successful phased cloud migration that moved legacy enterprise workloads into a secure, scalable cloud operating model."
32,FAQ,What is CoreTech's client retention rate?,"CoreTech Innovations maintains a 94 percent client retention rate across industries. This high retention reflects the quality of their engineering delivery, transparent communication, and commitment to long-term partnerships with enterprise clients."
33,Company Info,CoreTech ESG and Social Responsibility,"CoreTech Innovations has an Environmental, Social and Governance program focused on responsible business practices. Details about their ESG initiatives and impact programs are available at coretechio.com/impact."
34,Company Info,CoreTech Learning and Development,"CoreTech Innovations invests in Learning and Development programs for their team. Information about their learning initiatives, training programs, and professional development offerings is available at coretechio.com/learning-development."
35,Company Info,CoreTech Compliance and Certification,"CoreTech Innovations maintains compliance certifications relevant to enterprise software delivery. Details about their compliance standards and certifications are available at coretechio.com/compliance-certification."
