id,client_name,client_email,identified_service,budget_usd,timeline_weeks,urgency,priority,generated_reply,raw_message
1,Ahmed Raza,ahmed.raza@meridianhealth.pk,ERP Systems,45000.0,8,High,High,"Date: June 22, 2026

Dear Ahmed Raza,

Thank you for reaching out to CoreTech Innovations. We truly appreciate your interest in our services.

We have flagged your inquiry as HIGH PRIORITY and a senior consultant will reach out within 24 hours.

Based on your inquiry, we understand that you are looking for our **ERP Systems** service. Your indicated budget of $45,000 is a good fit for our mid-range service packages. We acknowledge your timeline of 8 weeks and will ensure our proposal respects this constraint.

At CoreTech Innovations, we pride ourselves on delivering:
- Architecture-first, security-embedded solutions
- Transparent milestone-based project execution
- Senior engineering attention on every engagement
- Long-term maintainability and client support

Our team will prepare a tailored proposal for your ERP Systems project and present it during our consultation call.

Next Steps:
1. A CoreTech Innovations consultant will contact you shortly
2. We will schedule a 30-minute discovery call
3. A detailed proposal will be shared within 48 hours of the call

For any immediate queries, feel free to reach us:
- Email   : hr@coretechio.com
- Phone   : +92 348 0394588
- Website : coretechio.com

We look forward to building something great together.

Warm regards,
CoreTech Innovations — Business Development Team
coretechio.com | hr@coretechio.com","Hi, my name is Ahmed Raza and my email is ahmed.raza@meridianhealth.pk. We are a healthcare company looking for an ERP system. Our budget is around $45000 and we need it done within 8 weeks. This is very urgent for us."
2,Sara Khan,sara.khan@quickcart.pk,Web Development,8000.0,12,Medium,Medium,"Date: June 22, 2026

Dear Sara Khan,

Thank you for reaching out to CoreTech Innovations. We truly appreciate your interest in our services.

We have reviewed your inquiry and a consultant will contact you within 2-3 business days.

Based on your inquiry, we understand that you are looking for our **Web Development** service. We will work with your budget of $8,000 to find the most cost-effective solution. We acknowledge your timeline of 12 weeks and will ensure our proposal respects this constraint.

At CoreTech Innovations, we pride ourselves on delivering:
- Architecture-first, security-embedded solutions
- Transparent milestone-based project execution
- Senior engineering attention on every engagement
- Long-term maintainability and client support

Our team will prepare a tailored proposal for your Web Development project and present it during our consultation call.

Next Steps:
1. A CoreTech Innovations consultant will contact you shortly
2. We will schedule a 30-minute discovery call
3. A detailed proposal will be shared within 48 hours of the call

For any immediate queries, feel free to reach us:
- Email   : hr@coretechio.com
- Phone   : +92 348 0394588
- Website : coretechio.com

We look forward to building something great together.

Warm regards,
CoreTech Innovations — Business Development Team
coretechio.com | hr@coretechio.com","Hello, I am Sara Khan, sara.khan@quickcart.pk. We run a retail store and need a new website. Budget is $8000 and timeline is about 12 weeks. Medium priority for now."
3,Bilal Tariq,bilal.tariq@finsecure.pk,ERP Systems,75000.0,16,High,High,"Date: June 22, 2026

Dear Bilal Tariq,

Thank you for reaching out to CoreTech Innovations. We truly appreciate your interest in our services.

We have flagged your inquiry as HIGH PRIORITY and a senior consultant will reach out within 24 hours.

Based on your inquiry, we understand that you are looking for our **ERP Systems** service. Your indicated budget of $75,000 aligns well with our enterprise delivery capabilities. We acknowledge your timeline of 16 weeks and will ensure our proposal respects this constraint.

At CoreTech Innovations, we pride ourselves on delivering:
- Architecture-first, security-embedded solutions
- Transparent milestone-based project execution
- Senior engineering attention on every engagement
- Long-term maintainability and client support

Our team will prepare a tailored proposal for your ERP Systems project and present it during our consultation call.

Next Steps:
1. A CoreTech Innovations consultant will contact you shortly
2. We will schedule a 30-minute discovery call
3. A detailed proposal will be shared within 48 hours of the call

For any immediate queries, feel free to reach us:
- Email   : hr@coretechio.com
- Phone   : +92 348 0394588
- Website : coretechio.com

We look forward to building something great together.

Warm regards,
CoreTech Innovations — Business Development Team
coretechio.com | hr@coretechio.com","Good day, Bilal Tariq here, bilal.tariq@finsecure.pk. We are a finance enterprise needing cybersecurity services. Budget: $75000. Timeline: 16 weeks. Very high urgency."
4,Hina Malik,hina.malik@edureach.pk,Mobile Apps,3000.0,20,High,High,"Date: June 22, 2026

Dear Hina Malik,

Thank you for reaching out to CoreTech Innovations. We truly appreciate your interest in our services.

We have flagged your inquiry as HIGH PRIORITY and a senior consultant will reach out within 24 hours.

Based on your inquiry, we understand that you are looking for our **Mobile Apps** service. We will work with your budget of $3,000 to find the most cost-effective solution. We acknowledge your timeline of 20 weeks and will ensure our proposal respects this constraint.

At CoreTech Innovations, we pride ourselves on delivering:
- Architecture-first, security-embedded solutions
- Transparent milestone-based project execution
- Senior engineering attention on every engagement
- Long-term maintainability and client support

Our team will prepare a tailored proposal for your Mobile Apps project and present it during our consultation call.

Next Steps:
1. A CoreTech Innovations consultant will contact you shortly
2. We will schedule a 30-minute discovery call
3. A detailed proposal will be shared within 48 hours of the call

For any immediate queries, feel free to reach us:
- Email   : hr@coretechio.com
- Phone   : +92 348 0394588
- Website : coretechio.com

We look forward to building something great together.

Warm regards,
CoreTech Innovations — Business Development Team
coretechio.com | hr@coretechio.com","My name is Hina Malik, hina.malik@edureach.pk. We are an education startup interested in a mobile app. Budget around $3000. Timeline is flexible, around 20 weeks. Not very urgent."
5,Usman Aziz,usman.aziz@atlas.pk,ERP Systems,60000.0,10,High,High,"Date: June 22, 2026

Dear Usman Aziz,

Thank you for reaching out to CoreTech Innovations. We truly appreciate your interest in our services.

We have flagged your inquiry as HIGH PRIORITY and a senior consultant will reach out within 24 hours.

Based on your inquiry, we understand that you are looking for our **ERP Systems** service. Your indicated budget of $60,000 aligns well with our enterprise delivery capabilities. We acknowledge your timeline of 10 weeks and will ensure our proposal respects this constraint.

At CoreTech Innovations, we pride ourselves on delivering:
- Architecture-first, security-embedded solutions
- Transparent milestone-based project execution
- Senior engineering attention on every engagement
- Long-term maintainability and client support

Our team will prepare a tailored proposal for your ERP Systems project and present it during our consultation call.

Next Steps:
1. A CoreTech Innovations consultant will contact you shortly
2. We will schedule a 30-minute discovery call
3. A detailed proposal will be shared within 48 hours of the call

For any immediate queries, feel free to reach us:
- Email   : hr@coretechio.com
- Phone   : +92 348 0394588
- Website : coretechio.com

We look forward to building something great together.

Warm regards,
CoreTech Innovations — Business Development Team
coretechio.com | hr@coretechio.com","This is Usman Aziz from Atlas Manufacturing, usman.aziz@atlas.pk. We need an ERP system urgently. Budget is $60000. We need delivery in 10 weeks maximum. High urgency."
6,Fatima Noor,fatima.noor@brightsmile.pk,Web Development,5000.0,6,Medium,Medium,"Date: June 22, 2026

Dear Fatima Noor,

Thank you for reaching out to CoreTech Innovations. We truly appreciate your interest in our services.

We have reviewed your inquiry and a consultant will contact you within 2-3 business days.

Based on your inquiry, we understand that you are looking for our **Web Development** service. We will work with your budget of $5,000 to find the most cost-effective solution. We acknowledge your timeline of 6 weeks and will ensure our proposal respects this constraint.

At CoreTech Innovations, we pride ourselves on delivering:
- Architecture-first, security-embedded solutions
- Transparent milestone-based project execution
- Senior engineering attention on every engagement
- Long-term maintainability and client support

Our team will prepare a tailored proposal for your Web Development project and present it during our consultation call.

Next Steps:
1. A CoreTech Innovations consultant will contact you shortly
2. We will schedule a 30-minute discovery call
3. A detailed proposal will be shared within 48 hours of the call

For any immediate queries, feel free to reach us:
- Email   : hr@coretechio.com
- Phone   : +92 348 0394588
- Website : coretechio.com

We look forward to building something great together.

Warm regards,
CoreTech Innovations — Business Development Team
coretechio.com | hr@coretechio.com","Hi there, Fatima Noor here, fatima.noor@brightsmile.pk. We are a small dental clinic needing a website. Budget $5000. Timeline 6 weeks. Medium urgency."
7,Kamran Sheikh,kamran.sheikh@velocity.pk,Mobile Apps,40000.0,12,Medium,Medium,"Date: June 22, 2026

Dear Kamran Sheikh,

Thank you for reaching out to CoreTech Innovations. We truly appreciate your interest in our services.

We have reviewed your inquiry and a consultant will contact you within 2-3 business days.

Based on your inquiry, we understand that you are looking for our **Mobile Apps** service. Your indicated budget of $40,000 is a good fit for our mid-range service packages. We acknowledge your timeline of 12 weeks and will ensure our proposal respects this constraint.

At CoreTech Innovations, we pride ourselves on delivering:
- Architecture-first, security-embedded solutions
- Transparent milestone-based project execution
- Senior engineering attention on every engagement
- Long-term maintainability and client support

Our team will prepare a tailored proposal for your Mobile Apps project and present it during our consultation call.

Next Steps:
1. A CoreTech Innovations consultant will contact you shortly
2. We will schedule a 30-minute discovery call
3. A detailed proposal will be shared within 48 hours of the call

For any immediate queries, feel free to reach us:
- Email   : hr@coretechio.com
- Phone   : +92 348 0394588
- Website : coretechio.com

We look forward to building something great together.

Warm regards,
CoreTech Innovations — Business Development Team
coretechio.com | hr@coretechio.com","Kamran Sheikh, kamran.sheikh@velocity.pk. We need a mobile app for our logistics operations. Budget $40000. Timeline 12 weeks. Medium priority."
8,Ayesha Farooq,ayesha.farooq@novatech.pk,Software Solutions,90000.0,6,High,High,"Date: June 22, 2026

Dear Ayesha Farooq,

Thank you for reaching out to CoreTech Innovations. We truly appreciate your interest in our services.

We have flagged your inquiry as HIGH PRIORITY and a senior consultant will reach out within 24 hours.

Based on your inquiry, we understand that you are looking for our **Software Solutions** service. Your indicated budget of $90,000 aligns well with our enterprise delivery capabilities. We acknowledge your timeline of 6 weeks and will ensure our proposal respects this constraint.

At CoreTech Innovations, we pride ourselves on delivering:
- Architecture-first, security-embedded solutions
- Transparent milestone-based project execution
- Senior engineering attention on every engagement
- Long-term maintainability and client support

Our team will prepare a tailored proposal for your Software Solutions project and present it during our consultation call.

Next Steps:
1. A CoreTech Innovations consultant will contact you shortly
2. We will schedule a 30-minute discovery call
3. A detailed proposal will be shared within 48 hours of the call

For any immediate queries, feel free to reach us:
- Email   : hr@coretechio.com
- Phone   : +92 348 0394588
- Website : coretechio.com

We look forward to building something great together.

Warm regards,
CoreTech Innovations — Business Development Team
coretechio.com | hr@coretechio.com","Hi I am Ayesha Farooq, ayesha.farooq@novatech.pk. We are a technology company and need a complete software solution. Budget is $90000. Timeline 6 weeks. Extremely urgent."
9,Zainab Hussain,zainab.hussain@sunrise.pk,Digital Marketing,4000.0,18,Low,Low,"Date: June 22, 2026

Dear Zainab Hussain,

Thank you for reaching out to CoreTech Innovations. We truly appreciate your interest in our services.

We have received your inquiry and will respond with a detailed proposal within 5 business days.

Based on your inquiry, we understand that you are looking for our **Digital Marketing** service. We will work with your budget of $4,000 to find the most cost-effective solution. We acknowledge your timeline of 18 weeks and will ensure our proposal respects this constraint.

At CoreTech Innovations, we pride ourselves on delivering:
- Architecture-first, security-embedded solutions
- Transparent milestone-based project execution
- Senior engineering attention on every engagement
- Long-term maintainability and client support

Our team will prepare a tailored proposal for your Digital Marketing project and present it during our consultation call.

Next Steps:
1. A CoreTech Innovations consultant will contact you shortly
2. We will schedule a 30-minute discovery call
3. A detailed proposal will be shared within 48 hours of the call

For any immediate queries, feel free to reach us:
- Email   : hr@coretechio.com
- Phone   : +92 348 0394588
- Website : coretechio.com

We look forward to building something great together.

Warm regards,
CoreTech Innovations — Business Development Team
coretechio.com | hr@coretechio.com","Hello, Zainab Hussain here, zainab.hussain@sunrise.pk. Small retail bakery chain. Need some digital marketing help. Budget $4000. Timeline 18 weeks. Low urgency."
10,Rashid Iqbal,rashid.iqbal@medicareplus.pk,ERP Systems,50000.0,8,High,High,"Date: June 22, 2026

Dear Rashid Iqbal,

Thank you for reaching out to CoreTech Innovations. We truly appreciate your interest in our services.

We have flagged your inquiry as HIGH PRIORITY and a senior consultant will reach out within 24 hours.

Based on your inquiry, we understand that you are looking for our **ERP Systems** service. Your indicated budget of $50,000 aligns well with our enterprise delivery capabilities. We acknowledge your timeline of 8 weeks and will ensure our proposal respects this constraint.

At CoreTech Innovations, we pride ourselves on delivering:
- Architecture-first, security-embedded solutions
- Transparent milestone-based project execution
- Senior engineering attention on every engagement
- Long-term maintainability and client support

Our team will prepare a tailored proposal for your ERP Systems project and present it during our consultation call.

Next Steps:
1. A CoreTech Innovations consultant will contact you shortly
2. We will schedule a 30-minute discovery call
3. A detailed proposal will be shared within 48 hours of the call

For any immediate queries, feel free to reach us:
- Email   : hr@coretechio.com
- Phone   : +92 348 0394588
- Website : coretechio.com

We look forward to building something great together.

Warm regards,
CoreTech Innovations — Business Development Team
coretechio.com | hr@coretechio.com","My name is Rashid Iqbal, rashid.iqbal@medicareplus.pk. Healthcare enterprise needing ERP. Budget $50000. Timeline 8 weeks. High urgency."
11,Nadia Ahmed,nadia.ahmed@skyline.pk,Web Development,15000.0,10,Medium,Medium,"Date: June 22, 2026

Dear Nadia Ahmed,

Thank you for reaching out to CoreTech Innovations. We truly appreciate your interest in our services.

We have reviewed your inquiry and a consultant will contact you within 2-3 business days.

Based on your inquiry, we understand that you are looking for our **Web Development** service. Your indicated budget of $15,000 is a good fit for our mid-range service packages. We acknowledge your timeline of 10 weeks and will ensure our proposal respects this constraint.

At CoreTech Innovations, we pride ourselves on delivering:
- Architecture-first, security-embedded solutions
- Transparent milestone-based project execution
- Senior engineering attention on every engagement
- Long-term maintainability and client support

Our team will prepare a tailored proposal for your Web Development project and present it during our consultation call.

Next Steps:
1. A CoreTech Innovations consultant will contact you shortly
2. We will schedule a 30-minute discovery call
3. A detailed proposal will be shared within 48 hours of the call

For any immediate queries, feel free to reach us:
- Email   : hr@coretechio.com
- Phone   : +92 348 0394588
- Website : coretechio.com

We look forward to building something great together.

Warm regards,
CoreTech Innovations — Business Development Team
coretechio.com | hr@coretechio.com","Hi, I am Nadia Ahmed, nadia.ahmed@skyline.pk. Real estate company. Need a professional website. Budget $15000. 10 weeks timeline. Medium urgency."
12,Saad Yousaf,saad.yousaf@capitalbank.pk,ERP Systems,100000.0,12,High,High,"Date: June 22, 2026

Dear Saad Yousaf,

Thank you for reaching out to CoreTech Innovations. We truly appreciate your interest in our services.

We have flagged your inquiry as HIGH PRIORITY and a senior consultant will reach out within 24 hours.

Based on your inquiry, we understand that you are looking for our **ERP Systems** service. Your indicated budget of $100,000 aligns well with our enterprise delivery capabilities. We acknowledge your timeline of 12 weeks and will ensure our proposal respects this constraint.

At CoreTech Innovations, we pride ourselves on delivering:
- Architecture-first, security-embedded solutions
- Transparent milestone-based project execution
- Senior engineering attention on every engagement
- Long-term maintainability and client support

Our team will prepare a tailored proposal for your ERP Systems project and present it during our consultation call.

Next Steps:
1. A CoreTech Innovations consultant will contact you shortly
2. We will schedule a 30-minute discovery call
3. A detailed proposal will be shared within 48 hours of the call

For any immediate queries, feel free to reach us:
- Email   : hr@coretechio.com
- Phone   : +92 348 0394588
- Website : coretechio.com

We look forward to building something great together.

Warm regards,
CoreTech Innovations — Business Development Team
coretechio.com | hr@coretechio.com","Saad Yousaf here, saad.yousaf@capitalbank.pk. We are a large finance enterprise. Need full cybersecurity and software solutions. Budget $100000. Timeline 12 weeks. High urgency."
13,TechWave Startup,hassan.ali@techwave.pk,Web Development,5000.0,8,High,High,"Date: June 22, 2026

Dear TechWave Startup,

Thank you for reaching out to CoreTech Innovations. We truly appreciate your interest in our services.

We have flagged your inquiry as HIGH PRIORITY and a senior consultant will reach out within 24 hours.

Based on your inquiry, we understand that you are looking for our **Web Development** service. We will work with your budget of $5,000 to find the most cost-effective solution. We acknowledge your timeline of 8 weeks and will ensure our proposal respects this constraint.

At CoreTech Innovations, we pride ourselves on delivering:
- Architecture-first, security-embedded solutions
- Transparent milestone-based project execution
- Senior engineering attention on every engagement
- Long-term maintainability and client support

Our team will prepare a tailored proposal for your Web Development project and present it during our consultation call.

Next Steps:
1. A CoreTech Innovations consultant will contact you shortly
2. We will schedule a 30-minute discovery call
3. A detailed proposal will be shared within 48 hours of the call

For any immediate queries, feel free to reach us:
- Email   : hr@coretechio.com
- Phone   : +92 348 0394588
- Website : coretechio.com

We look forward to building something great together.

Warm regards,
CoreTech Innovations — Business Development Team
coretechio.com | hr@coretechio.com","This is TechWave Startup, contact is Hassan Ali, hassan.ali@techwave.pk. Need a web application. Budget $5000. Timeline 8 weeks. High urgency."
14,Unknown,adeel.chaudhry@northstar.pk,ERP Systems,70000.0,10,High,High,"Date: June 22, 2026

Dear Unknown,

Thank you for reaching out to CoreTech Innovations. We truly appreciate your interest in our services.

We have flagged your inquiry as HIGH PRIORITY and a senior consultant will reach out within 24 hours.

Based on your inquiry, we understand that you are looking for our **ERP Systems** service. Your indicated budget of $70,000 aligns well with our enterprise delivery capabilities. We acknowledge your timeline of 10 weeks and will ensure our proposal respects this constraint.

At CoreTech Innovations, we pride ourselves on delivering:
- Architecture-first, security-embedded solutions
- Transparent milestone-based project execution
- Senior engineering attention on every engagement
- Long-term maintainability and client support

Our team will prepare a tailored proposal for your ERP Systems project and present it during our consultation call.

Next Steps:
1. A CoreTech Innovations consultant will contact you shortly
2. We will schedule a 30-minute discovery call
3. A detailed proposal will be shared within 48 hours of the call

For any immediate queries, feel free to reach us:
- Email   : hr@coretechio.com
- Phone   : +92 348 0394588
- Website : coretechio.com

We look forward to building something great together.

Warm regards,
CoreTech Innovations — Business Development Team
coretechio.com | hr@coretechio.com","Hello, Adeel Chaudhry from Northstar Logistics, adeel.chaudhry@northstar.pk. Need ERP system for our operations. Budget $70000. 10 weeks. High urgency."
15,Unknown,mehwish.iqbal@securenet.pk,Cybersecurity,85000.0,6,High,High,"Date: June 22, 2026

Dear Unknown,

Thank you for reaching out to CoreTech Innovations. We truly appreciate your interest in our services.

We have flagged your inquiry as HIGH PRIORITY and a senior consultant will reach out within 24 hours.

Based on your inquiry, we understand that you are looking for our **Cybersecurity** service. Your indicated budget of $85,000 aligns well with our enterprise delivery capabilities. We acknowledge your timeline of 6 weeks and will ensure our proposal respects this constraint.

At CoreTech Innovations, we pride ourselves on delivering:
- Architecture-first, security-embedded solutions
- Transparent milestone-based project execution
- Senior engineering attention on every engagement
- Long-term maintainability and client support

Our team will prepare a tailored proposal for your Cybersecurity project and present it during our consultation call.

Next Steps:
1. A CoreTech Innovations consultant will contact you shortly
2. We will schedule a 30-minute discovery call
3. A detailed proposal will be shared within 48 hours of the call

For any immediate queries, feel free to reach us:
- Email   : hr@coretechio.com
- Phone   : +92 348 0394588
- Website : coretechio.com

We look forward to building something great together.

Warm regards,
CoreTech Innovations — Business Development Team
coretechio.com | hr@coretechio.com","Hi, Mehwish Iqbal, mehwish.iqbal@securenet.pk. Technology company needing cybersecurity audit and implementation. Budget $85000. Timeline 6 weeks. High urgency."
