question,answer,keywords
What services does CoreTech Innovations offer?,"CoreTech Innovations delivers enterprise web development, mobile applications, ERP systems, UI/UX design, cybersecurity, and digital marketing services.",services list offer what
Where is CoreTech Innovations located?,"CoreTech Innovations is proudly based out of Pakistan, partnering with global enterprise teams.",location city based where pakistan
What is CoreTech's official website domain?,Our official web address and platform documentation can be accessed at coretechio.com.,website domain url link address
What is CoreTech's historical client retention rate?,CoreTech Innovations proudly maintains a verified 94% client retention rate driven by transparent delivery.,retention rate statistic milestone
Do you provide custom web development solutions?,"Yes, we build bespoke, secure, and maintainable custom web platforms tailored to client workflows.",web website development custom frontend
What technologies are used for your mobile app development?,We engineer high-performance native and cross-platform mobile apps for both iOS and Android environments.,mobile app android ios native
What is an ERP system and do you build them?,"We design secure, scalable Enterprise Resource Planning (ERP) systems to unify and streamline corporate operational data.",erp enterprise system planning resource
How does CoreTech handle cybersecurity protocols?,"We embed security early into development lifecycles, ensuring strict compliance, threat mitigation, and data protection.",cybersecurity security protocol threat breach hack
What digital marketing options do you offer?,"Our marketing suites include SEO optimization, social media management, and targeted B2B conversion campaigns.",marketing seo campaigns social digital
How can I request a formal project proposal or quote?,You can easily book a 15-minute diagnostic call or project scoping sprint directly through coretechio.com.,proposal quote call contact request schedule
Do your software deliveries include post-launch support?,"Yes, all standard contracts include a dedicated 30-day post-launch engineering support window.",support post launch window days
Can CoreTech integrate custom third-party APIs?,"We specialize in linking custom API gateways, automated script integrations, and legacy endpoints securely.",api integrate third party gateway endpoints
What are your primary industry target sectors?,"Our target expertise focuses on healthcare, manufacturing, finance, logistics, and retail enterprise sectors.",sectors industry target market healthcare manufacturing
What operational values drive CoreTech's development?,"Our core engineering principles are driven by operational transparency, technical maturity, and long-term maintainability.",values culture principles maintainability
Do you provide user interface and user experience design?,"Yes, our design team builds tailored UI/UX architectures focused on clear conversion pathways and user retention.",ui ux design user interface experience
How long does a standard web engineering project take?,"Timelines depend heavily on system scope, always initiating with an agile engineering discovery phase.",timeline long time weeks duration schedule
Are CoreTech software applications built to scale?,Absolutely. All systems are architected natively on cloud infrastructure to scale fluidly with enterprise transaction loads.,scale scalable capacity traffic infrastructure
What is your compliance policy regarding data privacy?,"We maintain strict data isolation, utilizing secure cloud vault networks to protect sensitive enterprise corporate secrets.",privacy data compliance secure secrets vault
Do you engineer white-label software products for resellers?,"Yes, we package proprietary ERP and web systems as white-label solutions for South Asian reseller partners.",white label reseller products partner
Does CoreTech offer structured corporate internships?,"Yes, we host structured 3-month AI Engineering internship cohorts focusing on real project exposure.",internship interns batch cohort hire
How do your custom automated chatbots help operations?,"Our context-aware conversational bots automate workflows, reducing support tickets and overhead costs by up to 40%.",chatbot bot automated agent response context
Can you upgrade legacy enterprise ERP infrastructure?,"Yes, we execute technical refactoring, adaptation, and modular updates for legacy corporate ERP platforms.",legacy upgrade old replace refactoring
What cloud deployment environments do you support?,"We build and maintain native environments on Amazon Web Services (AWS), Google Cloud (GCP), and Microsoft Azure.",cloud aws gcp azure servers environments
How do I reach the engineering support portal?,Clients can securely access help resources via the dedicated technical support portal links on our web app.,portal contact engineer help desk ticket
What is the pricing model for enterprise architecture?,We utilize value-optimized custom pricing tiers scaled specifically around data size and system architectural requirements.,pricing cost budget fee enterprise expensive tiered
